<application>
  <component name="AndroidLogcatFilterHistory">
    <option name="favorites">
      <list>
        <option value="package:mine " />
        <option value="package:com.example.platform.app " />
      </list>
    </option>
    <option name="mostRecentlyUsed" value="package:kr.carepet.app.navi2" />
    <option name="nonFavorites">
      <list>
        <option value="package:kr.carepet.app.navi2" />
        <option value="package:kr.carepet.app.navi2 NaverMap" />
        <option value="package:kr.carepet.app.navi2 Naver" />
        <option value="package:kr.carepet.app.navi2 NaverMapApp" />
        <option value="package:kr.carepet.app.navi2 " />
        <option value="package:kr.carepet.app.navi2 LaunchedEffect@::invokeSuspend$lambda$0" />
        <option value="package:kr.carepet.app.navi2 NaverMapApp level:info " />
        <option value="package:kr.carepet.app.navi2 level:verbose " />
        <option value="package:kr.carepet.app.navi2 level:" />
        <option value="package:kr.carepet.app.navi" />
        <option value="package:kr.carepet.app.navi " />
        <option value="onLocationResult" />
        <option value="package:kr.carepet.app.navi onLocationResul" />
        <option value="package:kr.carepet.app.navi onLocationResult" />
        <option value="package:kr.carepet.app.navi ::" />
        <option value="package:kr.carepet.app.navi ::start" />
        <option value="package:com.example.android.whileinuselocation" />
        <option value="package:mine" />
        <option value="package:eu.basicairdata.graziano.gpslogger" />
        <option value="package:kr.carepet" />
      </list>
    </option>
  </component>
</application>