<application>
  <component name="AndroidLogcatFilterHistory">
    <option name="favorites">
      <list>
        <option value="package:mine " />
        <option value="package:com.example.platform.app " />
      </list>
    </option>
    <option name="mostRecentlyUsed" value="package:kr.carepet.app.navi " />
    <option name="nonFavorites">
      <list>
        <option value="package:kr.carepet.app.navi2" />
        <option value="package:kr.carepet.app.navi" />
        <option value="package:kr.carepet.app.navi " />
        <option value="onLocationResult" />
        <option value="package:kr.carepet.app.navi onLocationResul" />
        <option value="package:kr.carepet.app.navi onLocationResult" />
        <option value="package:kr.carepet.app.navi ::" />
        <option value="package:kr.carepet.app.navi ::start" />
        <option value="package:com.example.android.whileinuselocation" />
        <option value="package:mine" />
        <option value="package:eu.basicairdata.graziano.gpslogger" />
        <option value="package:kr.carepet" />
        <option value="level:error " />
        <option value="package:kr.carepet.service.app.navi2" />
        <option value="package:kr.carepet.service.app.navi2 level:error " />
        <option value="package:kr.carepet." />
      </list>
    </option>
  </component>
</application>