<application>
  <component name="AndroidLogcatFilterHistory">
    <option name="favorites">
      <list>
        <option value="package:mine " />
        <option value="package:com.example.platform.app " />
      </list>
    </option>
    <option name="mostRecentlyUsed" value="package:kr.carepet.app.navi onLocationResult" />
    <option name="nonFavorites">
      <list>
        <option value="package:kr.carepet.app.navi onLocationResult" />
        <option value="package:kr.carepet.app.navi2 onLocationResult" />
        <option value="package:kr.carepet.app.navi2" />
        <option value="package:kr.carepet.app.navi2 write" />
        <option value="package:kr.carepet.app.navi NaverMap" />
        <option value="package:kr.carepet.app.navi " />
        <option value="package:kr.carepet.app.navi  NaverMap" />
        <option value="package:kr.carepet.app.navi" />
        <option value="package:minee" />
        <option value="package:mine NaverMap" />
        <option value="package:mine :NaverMap" />
        <option value="package:kr.carepet.app.navi LoginViewModel" />
        <option value="package:kr.carepet.app.navi requestForegroundPermissions" />
        <option value="package:kr.carepet.app.navi2 NaverMap" />
        <option value="package:kr.carepet.app.navi2 Naver" />
        <option value="package:kr.carepet.app.navi2 NaverMapApp" />
        <option value="package:kr.carepet.app.navi2 " />
        <option value="package:kr.carepet.app.navi2 LaunchedEffect@::invokeSuspend$lambda$0" />
        <option value="package:kr.carepet.app.navi2 NaverMapApp level:info " />
        <option value="package:kr.carepet.app.navi2 level:verbose " />
      </list>
    </option>
  </component>
</application>