<application>
  <component name="ConsoleFoldingSettings">
    <option name="addedPositive">
      <list>
        <option value="11:00:05.051 EGL_emulation            D  app_time_stats: avg=72.26ms min=13.81ms max=803.17ms count=14" />
        <option value="13:27:54.478 EGL_emulation            D  app_time_stats: avg=417.10ms min=8.99ms max=4022.64ms count=10" />
        <option value="13:45:30.743 btaudio_offload_qti      I  audio_get_a2dp_sink_latency_qti: Sink Latency = 0" />
        <option value="EGL_emulation            D  app_time_stats:" />
        <option value="13:45:30.739 btaudio_offload_qti      I  audio_get_a2dp_sink_latency_qti: Sink Latency = 0" />
      </list>
    </option>
  </component>
</application>