<application>
  <component name="ProjectManager">
    <defaultProject>
      <component name="PropertiesComponent"><![CDATA[{
  "keyToString": {
    "settings.editor.selected.configurable": "preferences.pluginManager"
  }
}]]></component>
      <component name="WindowStateProjectService">
        <state x="349" y="114" key="SettingsEditor" timestamp="1692332094249">
          <screen x="0" y="25" width="1680" height="951" />
        </state>
        <state x="349" y="114" key="SettingsEditor/0.25.1680.951/0.-1055.1920.1055" timestamp="1692332094249" />
      </component>
    </defaultProject>
  </component>
</application>