<application>
  <component name="ProjectManager">
    <defaultProject>
      <component name="ProjectViewState">
        <option name="compactDirectories" value="true" />
        <option name="hideEmptyMiddlePackages" value="true" />
        <option name="showLibraryContents" value="true" />
      </component>
      <component name="PropertiesComponent">{
  &quot;keyToString&quot;: {
    &quot;settings.editor.selected.configurable&quot;: &quot;preferences.pluginManager&quot;
  }
}</component>
      <component name="WindowStateProjectService">
        <state x="349" y="114" key="SettingsEditor" timestamp="1692332094249">
          <screen x="0" y="25" width="1680" height="951" />
        </state>
        <state x="349" y="114" key="SettingsEditor/0.25.1680.951/0.-1055.1920.1055" timestamp="1692332094249" />
      </component>
    </defaultProject>
  </component>
</application>