<keymap version="1" name="Windows copy" parent="$default">
  <action id="$SearchWeb">
    <keyboard-shortcut first-keystroke="shift ctrl g" />
  </action>
  <action id="ActivateBuildToolWindow">
    <keyboard-shortcut first-keystroke="alt 0" />
  </action>
  <action id="ActivateCommitToolWindow">
    <keyboard-shortcut first-keystroke="ctrl alt 0" />
  </action>
  <action id="ActivateLogcatToolWindow">
    <keyboard-shortcut first-keystroke="alt 6" />
  </action>
  <action id="ActivateProblemsViewToolWindow">
    <keyboard-shortcut first-keystroke="ctrl alt 6" />
  </action>
  <action id="CloseContent">
    <keyboard-shortcut first-keystroke="ctrl f4" />
    <keyboard-shortcut first-keystroke="ctrl w" />
  </action>
  <action id="Compare.LastVersion">
    <keyboard-shortcut first-keystroke="shift ctrl d" />
  </action>
  <action id="Editor SearchWeb">
    <keyboard-shortcut first-keystroke="shift ctrl g" />
  </action>
  <action id="EditorDeleteLine">
    <keyboard-shortcut first-keystroke="ctrl y" />
    <keyboard-shortcut first-keystroke="ctrl alt back_space" />
  </action>
  <action id="Logcat.ClearLogcat">
    <keyboard-shortcut first-keystroke="shift ctrl x" />
  </action>
  <action id="OptimizeImports">
    <keyboard-shortcut first-keystroke="ctrl alt o" />
    <keyboard-shortcut first-keystroke="ctrl alt l" />
  </action>
  <action id="RebuildGradleProject">
    <keyboard-shortcut first-keystroke="shift ctrl f9" />
  </action>
  <action id="ResizeToolWindowDown">
    <keyboard-shortcut first-keystroke="shift ctrl alt down" />
    <keyboard-shortcut first-keystroke="shift ctrl down" />
  </action>
  <action id="ResizeToolWindowLeft">
    <keyboard-shortcut first-keystroke="shift ctrl alt left" />
    <keyboard-shortcut first-keystroke="shift ctrl left" />
  </action>
  <action id="ResizeToolWindowRight">
    <keyboard-shortcut first-keystroke="shift ctrl alt right" />
    <keyboard-shortcut first-keystroke="shift ctrl right" />
  </action>
  <action id="ResizeToolWindowUp">
    <keyboard-shortcut first-keystroke="shift ctrl alt up" />
    <keyboard-shortcut first-keystroke="shift ctrl up" />
  </action>
  <action id="SelectInProjectView">
    <keyboard-shortcut first-keystroke="shift ctrl s" />
  </action>
  <action id="UpdateRunningApplication" />
  <action id="android.deploy.ApplyChanges">
    <keyboard-shortcut first-keystroke="ctrl f10" />
  </action>
  <action id="android.deploy.CodeSwap">
    <keyboard-shortcut first-keystroke="ctrl alt f10" />
  </action>
</keymap>