<keymap version="1" name="macOS (isyuun)" parent="Mac OS X 10.5+">
  <action id="$Redo">
    <keyboard-shortcut first-keystroke="shift meta z" />
    <keyboard-shortcut first-keystroke="shift alt back_space" />
    <keyboard-shortcut first-keystroke="shift ctrl z" />
  </action>
  <action id="$SearchWeb">
    <keyboard-shortcut first-keystroke="meta alt g" />
  </action>
  <action id="$Undo">
    <keyboard-shortcut first-keystroke="meta z" />
    <keyboard-shortcut first-keystroke="ctrl z" />
  </action>
  <action id="ActivateBuildToolWindow">
    <keyboard-shortcut first-keystroke="meta 0" />
  </action>
  <action id="ActivateCommitToolWindow">
    <keyboard-shortcut first-keystroke="meta alt 0" />
  </action>
  <action id="ActivateDeviceExplorerToolWindow">
    <keyboard-shortcut first-keystroke="meta alt 9" />
  </action>
  <action id="ActivateLogcatToolWindow">
    <keyboard-shortcut first-keystroke="meta 6" />
  </action>
  <action id="ActivateProblemsViewToolWindow">
    <keyboard-shortcut first-keystroke="meta alt 6" />
  </action>
  <action id="Android.MakeGradleModule">
    <keyboard-shortcut first-keystroke="ctrl alt f9" />
  </action>
  <action id="Android.SyncProject">
    <keyboard-shortcut first-keystroke="shift meta o" />
    <keyboard-shortcut first-keystroke="shift ctrl o" />
  </action>
  <action id="CleanGradleProject">
    <keyboard-shortcut first-keystroke="shift ctrl c" />
  </action>
  <action id="CloseAllEditorsButActive">
    <keyboard-shortcut first-keystroke="shift ctrl w" />
  </action>
  <action id="CloseAllToTheLeft">
    <keyboard-shortcut first-keystroke="shift ctrl q" />
  </action>
  <action id="CloseAllToTheRight">
    <keyboard-shortcut first-keystroke="shift ctrl e" />
  </action>
  <action id="CloseContent">
    <keyboard-shortcut first-keystroke="meta w" />
    <keyboard-shortcut first-keystroke="ctrl w" />
  </action>
  <action id="CloseProject">
    <keyboard-shortcut first-keystroke="shift meta w" />
  </action>
  <action id="Compare.LastVersion">
    <keyboard-shortcut first-keystroke="shift ctrl d" />
  </action>
  <action id="Editor Redo">
    <keyboard-shortcut first-keystroke="shift ctrl z" />
  </action>
  <action id="Editor SearchWeb">
    <keyboard-shortcut first-keystroke="meta alt g" />
  </action>
  <action id="Editor Undo">
    <keyboard-shortcut first-keystroke="ctrl z" />
  </action>
  <action id="Kotlin.NewFile">
    <keyboard-shortcut first-keystroke="shift ctrl k" />
  </action>
  <action id="Logcat.ClearLogcat">
    <keyboard-shortcut first-keystroke="shift ctrl x" />
  </action>
  <action id="MakeGradleProject">
    <keyboard-shortcut first-keystroke="meta f9" />
    <keyboard-shortcut first-keystroke="shift ctrl l" />
  </action>
  <action id="MaximizeEditorInSplit">
    <keyboard-shortcut first-keystroke="shift meta quote" />
    <keyboard-shortcut first-keystroke="shift ctrl quote" />
  </action>
  <action id="MaximizeToolWindow">
    <keyboard-shortcut first-keystroke="shift meta quote" />
    <keyboard-shortcut first-keystroke="shift ctrl quote" />
  </action>
  <action id="MoveEditorToOppositeTabGroup">
    <keyboard-shortcut first-keystroke="shift ctrl left" />
  </action>
  <action id="MoveTabDown">
    <keyboard-shortcut first-keystroke="shift ctrl down" />
  </action>
  <action id="MoveTabRight">
    <keyboard-shortcut first-keystroke="shift ctrl right" />
  </action>
  <action id="NewAndroidVectorAsset">
    <keyboard-shortcut first-keystroke="shift ctrl v" />
  </action>
  <action id="OpenFile">
    <keyboard-shortcut first-keystroke="ctrl meta alt o" />
  </action>
  <action id="OptimizeImports">
    <keyboard-shortcut first-keystroke="ctrl alt o" />
    <keyboard-shortcut first-keystroke="meta alt l" />
  </action>
  <action id="RebuildGradleProject">
    <keyboard-shortcut first-keystroke="shift ctrl r" />
  </action>
  <action id="ReformatCode">
    <keyboard-shortcut first-keystroke="meta alt l" />
    <keyboard-shortcut first-keystroke="ctrl alt l" />
  </action>
  <action id="ResizeToolWindowDown">
    <keyboard-shortcut first-keystroke="ctrl alt down" />
    <keyboard-shortcut first-keystroke="shift meta down" />
  </action>
  <action id="ResizeToolWindowLeft">
    <keyboard-shortcut first-keystroke="ctrl alt left" />
    <keyboard-shortcut first-keystroke="shift meta left" />
  </action>
  <action id="ResizeToolWindowRight">
    <keyboard-shortcut first-keystroke="ctrl alt right" />
    <keyboard-shortcut first-keystroke="shift meta right" />
  </action>
  <action id="ResizeToolWindowUp">
    <keyboard-shortcut first-keystroke="ctrl alt up" />
    <keyboard-shortcut first-keystroke="shift meta up" />
  </action>
  <action id="RevealIn">
    <keyboard-shortcut first-keystroke="ctrl e" />
  </action>
  <action id="SelectInProjectView">
    <keyboard-shortcut first-keystroke="shift ctrl s" />
  </action>
  <action id="android.deploy.ApplyChanges">
    <keyboard-shortcut first-keystroke="ctrl meta e" />
  </action>
  <action id="android.deploy.CodeSwap">
    <keyboard-shortcut first-keystroke="shift ctrl meta e" />
  </action>
</keymap>