<keymap version="1" name="macOS (isyuun)" parent="Mac OS X 10.5+">
  <action id="ActivateBuildToolWindow">
    <keyboard-shortcut first-keystroke="meta 0" />
  </action>
  <action id="ActivateCommitToolWindow">
    <keyboard-shortcut first-keystroke="meta alt 0" />
  </action>
  <action id="ActivateLogcatToolWindow">
    <keyboard-shortcut first-keystroke="meta 6" />
  </action>
  <action id="ActivateProblemsViewToolWindow">
    <keyboard-shortcut first-keystroke="meta alt 6" />
  </action>
  <action id="Android.MakeGradleModule">
    <keyboard-shortcut first-keystroke="ctrl alt f9" />
  </action>
  <action id="Android.SyncProject">
    <keyboard-shortcut first-keystroke="shift meta o" />
    <keyboard-shortcut first-keystroke="shift ctrl o" />
  </action>
  <action id="CloseAllEditorsButActive">
    <keyboard-shortcut first-keystroke="shift ctrl w" />
  </action>
  <action id="CloseAllToTheLeft">
    <keyboard-shortcut first-keystroke="shift ctrl q" />
  </action>
  <action id="CloseAllToTheRight">
    <keyboard-shortcut first-keystroke="shift ctrl e" />
  </action>
  <action id="CloseContent">
    <keyboard-shortcut first-keystroke="meta w" />
    <keyboard-shortcut first-keystroke="ctrl w" />
  </action>
  <action id="Compare.LastVersion">
    <keyboard-shortcut first-keystroke="shift ctrl d" />
  </action>
  <action id="MakeGradleProject">
    <keyboard-shortcut first-keystroke="meta f9" />
    <keyboard-shortcut first-keystroke="ctrl f9" />
  </action>
  <action id="OverrideMethods">
    <keyboard-shortcut first-keystroke="ctrl o" />
    <keyboard-shortcut first-keystroke="meta o" />
  </action>
  <action id="RebuildGradleProject">
    <keyboard-shortcut first-keystroke="shift ctrl f9" />
  </action>
  <action id="ReformatCode">
    <keyboard-shortcut first-keystroke="meta alt l" />
    <keyboard-shortcut first-keystroke="ctrl alt l" />
  </action>
  <action id="SelectInProjectView">
    <keyboard-shortcut first-keystroke="shift ctrl s" />
  </action>
</keymap>