<application>
  <component name="AndroidLogcatFilterHistory">
    <option name="mostRecentlyUsed" value="package:mine level:error onCamera" />
    <option name="nonFavorites">
      <list>
        <option value="package:mine level:error onCamera" />
        <option value="package:mine onCamera" />
        <option value="package:mine level:warn onCamera" />
        <option value="package:mine onCamera level:error " />
        <option value="package:mine " />
        <option value="package:mine error" />
        <option value="package:net.pettip.app.navi2" />
        <option value="package:net.pettip.app.navi2 version" />
        <option value="package:net.pettip.app.navi2 ::with" />
        <option value="package:net.pettip.app.navi2 read()" />
        <option value="package:net.pettip.app.navi2 onCamera" />
        <option value="package:net.pettip.app.navi2 onCarmera" />
        <option value="package:net.pettip.app.navi2 level:error " />
        <option value="package:mine onChange" />
        <option value="package:mine onCameraChange" />
        <option value="package:mine withClick" />
        <option value="package:mine" />
        <option value="package:mine level:error " />
        <option value="package:mine BUILD_TIME" />
        <option value="package:kr.carepet.app.navi2 ::NaverMapApp." />
      </list>
    </option>
  </component>
</application>