<application>
  <component name="AndroidLogcatFilterHistory">
    <option name="mostRecentlyUsed" value="package:mine onCameraChange" />
    <option name="nonFavorites">
      <list>
        <option value="package:mine onCameraChange" />
        <option value="package:mine withClick" />
        <option value="package:mine" />
        <option value="package:mine level:error " />
        <option value="package:mine " />
        <option value="package:mine BUILD_TIME" />
        <option value="package:mine onChange" />
        <option value="package:kr.carepet.app.navi2 ::NaverMapApp." />
        <option value="package:kr.carepet.app.navi2" />
        <option value="package:kr.carepet.app.navi2 NaverMapApp." />
        <option value="package:kr.carepet.app.navi2 ZOOM" />
        <option value="package:kr.carepet.app.navi2 NaverMapApp" />
        <option value="package:kr.carepet.app.navi2 start" />
        <option value="package:kr.carepet.app.navi2 NaverMapApp start" />
        <option value="package:kr.carepet.app.navi2 NaverMapApp [ST]" />
        <option value="package:kr.carepet.app.navi2 NaverMapApp ST" />
        <option value="package:kr.carepet.app.navi2 NaverMapApp loading" />
        <option value="package:kr.carepet.app.navi2 NaverMap" />
      </list>
    </option>
  </component>
</application>