<application>
  <component name="AndroidLogcatFilterHistory">
    <option name="mostRecentlyUsed" value="package:kr.carepet.app.navi2 NaverMapApp" />
    <option name="nonFavorites">
      <list>
        <option value="package:kr.carepet.app.navi2 NaverMapApp" />
        <option value="package:kr.carepet.app.navi2" />
        <option value="package:kr.carepet.app.navi2 start" />
        <option value="package:kr.carepet.app.navi2 NaverMapApp start" />
        <option value="package:kr.carepet.app.navi2 NaverMapApp [ST]" />
        <option value="package:kr.carepet.app.navi2 NaverMapApp ST" />
        <option value="package:kr.carepet.app.navi2 NaverMapApp loading" />
        <option value="package:kr.carepet.app.navi2 NaverMap" />
      </list>
    </option>
  </component>
</application>