<application>
  <component name="AndroidLogcatFilterHistory">
    <option name="mostRecentlyUsed" value="package:net.pettip.app.navi" />
    <option name="nonFavorites">
      <list>
        <option value="package:mine " />
        <option value="package:net.pettip.app.navi" />
        <option value="package:net.pettip.app.navi GpxMap" />
        <option value="package:net.pettip.app.navi recent" />
        <option value="package:net.pettip.app.navi " />
        <option value="package:net.pettip.app.navi level:error  onCamera " />
        <option value="package:net.pettip.app.navi onCamera" />
        <option value="package:mine" />
        <option value="package:minet" />
        <option value="package:mine recent" />
        <option value="package:net.pettip.app.navi tag:NaverMapComponentScreen.kt" />
        <option value="package:net.pettip.app.navi2" />
        <option value="package:net.pettip.app.navi2 NaverMapApp@TRK" />
        <option value="package:mine level:error onCamera" />
        <option value="package:mine onCamera" />
        <option value="package:mine level:warn onCamera" />
        <option value="package:mine onCamera level:error " />
        <option value="package:mine error" />
        <option value="package:net.pettip.app.navi2 version" />
        <option value="package:net.pettip.app.navi2 ::with" />
      </list>
    </option>
  </component>
</application>