<application>
  <component name="ProjectManager">
    <defaultProject>
      <component name="CopyrightManager">
        <copyright>
          <option name="notice" value="Copyright (c) &amp;#36;originalComment.match(&quot;Copyright \(c\) (\d+)&quot;, 1, &quot;-&quot;, &quot;&amp;#36;today.year&quot;)&amp;#36;today.year. PetTip All right reserved.&#10;This software is the proprietary information of Care Pet.&#10;&#10;Revision History&#10;  Author                         Date          Description&#10;  --------------------------     ----------    ----------------------------------------&#10;  &amp;#36;username                         &amp;#36;today.year.&amp;#36;today.month.&amp;#36;today.day&#10;" />
          <option name="myName" value="PetTip" />
        </copyright>
      </component>
      <component name="ProjectInspectionProfilesVisibleTreeState">
        <entry key="Project Default">
          <profile-state>
            <expanded-state>
              <State />
              <State>
                <id>Java</id>
              </State>
              <State>
                <id>PerformanceJava</id>
              </State>
            </expanded-state>
            <selected-state>
              <State>
                <id>Android</id>
              </State>
            </selected-state>
          </profile-state>
        </entry>
      </component>
      <component name="PropertiesComponent"><![CDATA[{
  "keyToString": {
    "last_opened_file_path": "C:/Users/isyuun/.prj/and/_COPY.xml",
    "settings.editor.selected.configurable": "copyright.profiles"
  }
}]]></component>
      <component name="SvnConfiguration">
        <configuration />
      </component>
      <component name="WindowStateProjectService">
        <state x="740" y="212" key="FileChooserDialogImpl" timestamp="1699506960902">
          <screen x="0" y="0" width="1920" height="1040" />
        </state>
        <state x="740" y="212" key="FileChooserDialogImpl/0.0.1920.1040" timestamp="1699506960902" />
        <state x="461" y="95" key="SettingsEditor" timestamp="1699506964625">
          <screen x="0" y="0" width="1920" height="1040" />
        </state>
        <state x="461" y="95" key="SettingsEditor/0.0.1920.1040" timestamp="1699506964625" />
      </component>
      <component name="masterDetails">
        <states>
          <state key="Copyright.UI">
            <settings>
              <last-edited>PetTip</last-edited>
              <splitter-proportions>
                <option name="proportions">
                  <list>
                    <option value="0.2" />
                  </list>
                </option>
              </splitter-proportions>
            </settings>
          </state>
        </states>
      </component>
    </defaultProject>
  </component>
</application>