<application>
  <component name="ProjectManager">
    <defaultProject>
      <component name="ProjectInspectionProfilesVisibleTreeState">
        <entry key="Project Default">
          <profile-state>
            <expanded-state>
              <State />
              <State>
                <id>Java</id>
              </State>
              <State>
                <id>PerformanceJava</id>
              </State>
            </expanded-state>
            <selected-state>
              <State>
                <id>Android</id>
              </State>
            </selected-state>
          </profile-state>
        </entry>
      </component>
      <component name="PropertiesComponent"><![CDATA[{
  "keyToString": {
    "settings.editor.selected.configurable": "preferences.keymap"
  }
}]]></component>
      <component name="SvnConfiguration">
        <configuration />
      </component>
      <component name="WindowStateProjectService">
        <state x="461" y="95" key="SettingsEditor" timestamp="1699503993241">
          <screen x="0" y="0" width="1920" height="1040" />
        </state>
        <state x="461" y="95" key="SettingsEditor/0.0.1920.1040" timestamp="1699503993241" />
      </component>
    </defaultProject>
  </component>
</application>